cell,deck,path,bytes,content_type,source_url,repository_url
B5,Tarot,baralhos/tarot/tarot_-g1001.png,150375,image/png,https://raw.githubusercontent.com/nevoheiro/tarot/main/tarot_%23g1001.png,https://raw.githubusercontent.com/estathidev/baralhos/main/baralhos/tarot/tarot_-g1001.png
C5,Os70,baralhos/os70/3y2FRDz.png,42551,image/png,https://i.imgur.com/3y2FRDz.png,https://raw.githubusercontent.com/estathidev/baralhos/main/baralhos/os70/3y2FRDz.png
D5,Cigano,baralhos/cigano/001.png,1189707,image/png,https://raw.githubusercontent.com/skewoof/baralho-cigano-imagens/main/imagens/cigano_cropped/001.png,https://raw.githubusercontent.com/estathidev/baralhos/main/baralhos/cigano/001.png
E5,Tommie Kelly,baralhos/tommie-kelly/01-The-Adventurer.jpg,92391,image/jpeg,https://mortesubita.net/wp-content/uploads/2020/08/01-The-Adventurer.jpg,https://raw.githubusercontent.com/estathidev/baralhos/main/baralhos/tommie-kelly/01-The-Adventurer.jpg
F5,Runas,baralhos/runas/algiz.png,21432,image/png,https://raw.githubusercontent.com/estathidev/divinacao/main/img/runas/algiz.png,https://raw.githubusercontent.com/estathidev/baralhos/main/baralhos/runas/algiz.png
G5,Cartas Sakura,baralhos/cartas-sakura/SakuraFirey.webp,16002,image/webp,https://static.wikia.nocookie.net/ccs/images/9/97/SakuraFirey.jpg/revision/latest/scale-to-width-down/150?cb=20160527124050,https://raw.githubusercontent.com/estathidev/baralhos/main/baralhos/cartas-sakura/SakuraFirey.webp
B6,Tarot,baralhos/tarot/tarot_-g1017.png,135627,image/png,https://raw.githubusercontent.com/nevoheiro/tarot/main/tarot_%23g1017.png,https://raw.githubusercontent.com/estathidev/baralhos/main/baralhos/tarot/tarot_-g1017.png
C6,Os70,baralhos/os70/gMOo8qe.png,46699,image/png,https://i.imgur.com/gMOo8qe.png,https://raw.githubusercontent.com/estathidev/baralhos/main/baralhos/os70/gMOo8qe.png
D6,Cigano,baralhos/cigano/002.png,986442,image/png,https://raw.githubusercontent.com/skewoof/baralho-cigano-imagens/main/imagens/cigano_cropped/002.png,https://raw.githubusercontent.com/estathidev/baralhos/main/baralhos/cigano/002.png
E6,Tommie Kelly,baralhos/tommie-kelly/02-The-Balancer.jpg,209661,image/jpeg,https://mortesubita.net/wp-content/uploads/2020/08/02-The-Balancer.jpg,https://raw.githubusercontent.com/estathidev/baralhos/main/baralhos/tommie-kelly/02-The-Balancer.jpg
F6,Runas,baralhos/runas/ansusz.png,20079,image/png,https://raw.githubusercontent.com/estathidev/divinacao/main/img/runas/ansusz.png,https://raw.githubusercontent.com/estathidev/baralhos/main/baralhos/runas/ansusz.png
G6,Cartas Sakura,baralhos/cartas-sakura/SakuraSong.webp,14928,image/webp,https://static.wikia.nocookie.net/ccs/images/4/4c/SakuraSong.jpg/revision/latest/scale-to-width-down/150?cb=20160527125949,https://raw.githubusercontent.com/estathidev/baralhos/main/baralhos/cartas-sakura/SakuraSong.webp
B7,Tarot,baralhos/tarot/tarot_-g1049.png,172009,image/png,https://raw.githubusercontent.com/nevoheiro/tarot/main/tarot_%23g1049.png,https://raw.githubusercontent.com/estathidev/baralhos/main/baralhos/tarot/tarot_-g1049.png
C7,Os70,baralhos/os70/JHipghS.png,45109,image/png,https://i.imgur.com/JHipghS.png,https://raw.githubusercontent.com/estathidev/baralhos/main/baralhos/os70/JHipghS.png
D7,Cigano,baralhos/cigano/003.png,811918,image/png,https://raw.githubusercontent.com/skewoof/baralho-cigano-imagens/main/imagens/cigano_cropped/003.png,https://raw.githubusercontent.com/estathidev/baralhos/main/baralhos/cigano/003.png
E7,Tommie Kelly,baralhos/tommie-kelly/03-The-Carnal.jpg,131690,image/jpeg,https://mortesubita.net/wp-content/uploads/2020/08/03-The-Carnal.jpg,https://raw.githubusercontent.com/estathidev/baralhos/main/baralhos/tommie-kelly/03-The-Carnal.jpg
F7,Runas,baralhos/runas/berkano.png,22526,image/png,https://raw.githubusercontent.com/estathidev/divinacao/main/img/runas/berkano.png,https://raw.githubusercontent.com/estathidev/baralhos/main/baralhos/runas/berkano.png
G7,Cartas Sakura,baralhos/cartas-sakura/SakuraSword.webp,15104,image/webp,https://static.wikia.nocookie.net/ccs/images/a/ab/SakuraSword.jpg/revision/latest/scale-to-width-down/150?cb=20160527125304,https://raw.githubusercontent.com/estathidev/baralhos/main/baralhos/cartas-sakura/SakuraSword.webp
B8,Tarot,baralhos/tarot/tarot_-g1065.png,196956,image/png,https://raw.githubusercontent.com/nevoheiro/tarot/main/tarot_%23g1065.png,https://raw.githubusercontent.com/estathidev/baralhos/main/baralhos/tarot/tarot_-g1065.png
C8,Os70,baralhos/os70/YgFmjfJ.png,41595,image/png,https://i.imgur.com/YgFmjfJ.png,https://raw.githubusercontent.com/estathidev/baralhos/main/baralhos/os70/YgFmjfJ.png
D8,Cigano,baralhos/cigano/004.png,1075018,image/png,https://raw.githubusercontent.com/skewoof/baralho-cigano-imagens/main/imagens/cigano_cropped/004.png,https://raw.githubusercontent.com/estathidev/baralhos/main/baralhos/cigano/004.png
E8,Tommie Kelly,baralhos/tommie-kelly/04-he-Chaste.jpg,126801,image/jpeg,https://mortesubita.net/wp-content/uploads/2020/08/04-he-Chaste.jpg,https://raw.githubusercontent.com/estathidev/baralhos/main/baralhos/tommie-kelly/04-he-Chaste.jpg
F8,Runas,baralhos/runas/dagaz.png,18995,image/png,https://raw.githubusercontent.com/estathidev/divinacao/main/img/runas/dagaz.png,https://raw.githubusercontent.com/estathidev/baralhos/main/baralhos/runas/dagaz.png
G8,Cartas Sakura,baralhos/cartas-sakura/SakuraJump.webp,14074,image/webp,https://static.wikia.nocookie.net/ccs/images/5/58/SakuraJump.jpg/revision/latest/scale-to-width-down/150?cb=20160606171252,https://raw.githubusercontent.com/estathidev/baralhos/main/baralhos/cartas-sakura/SakuraJump.webp
B9,Tarot,baralhos/tarot/tarot_-g1081.png,129178,image/png,https://raw.githubusercontent.com/nevoheiro/tarot/main/tarot_%23g1081.png,https://raw.githubusercontent.com/estathidev/baralhos/main/baralhos/tarot/tarot_-g1081.png
C9,Os70,baralhos/os70/KTHjd4v.png,50348,image/png,https://i.imgur.com/KTHjd4v.png,https://raw.githubusercontent.com/estathidev/baralhos/main/baralhos/os70/KTHjd4v.png
D9,Cigano,baralhos/cigano/005.png,943929,image/png,https://raw.githubusercontent.com/skewoof/baralho-cigano-imagens/main/imagens/cigano_cropped/005.png,https://raw.githubusercontent.com/estathidev/baralhos/main/baralhos/cigano/005.png
E9,Tommie Kelly,baralhos/tommie-kelly/05-The-Conductor.jpg,164478,image/jpeg,https://mortesubita.net/wp-content/uploads/2020/08/05-The-Conductor.jpg,https://raw.githubusercontent.com/estathidev/baralhos/main/baralhos/tommie-kelly/05-The-Conductor.jpg
F9,Runas,baralhos/runas/ehwaz.png,21703,image/png,https://raw.githubusercontent.com/estathidev/divinacao/main/img/runas/ehwaz.png,https://raw.githubusercontent.com/estathidev/baralhos/main/baralhos/runas/ehwaz.png
G9,Cartas Sakura,baralhos/cartas-sakura/SakuraFly.webp,15664,image/webp,https://static.wikia.nocookie.net/ccs/images/5/51/SakuraFly.jpg/revision/latest/scale-to-width-down/150?cb=20160527124738,https://raw.githubusercontent.com/estathidev/baralhos/main/baralhos/cartas-sakura/SakuraFly.webp
B10,Tarot,baralhos/tarot/tarot_-g1097.png,149550,image/png,https://raw.githubusercontent.com/nevoheiro/tarot/main/tarot_%23g1097.png,https://raw.githubusercontent.com/estathidev/baralhos/main/baralhos/tarot/tarot_-g1097.png
C10,Os70,baralhos/os70/FKfvsPr.png,42443,image/png,https://i.imgur.com/FKfvsPr.png,https://raw.githubusercontent.com/estathidev/baralhos/main/baralhos/os70/FKfvsPr.png
D10,Cigano,baralhos/cigano/006.png,1058341,image/png,https://raw.githubusercontent.com/skewoof/baralho-cigano-imagens/main/imagens/cigano_cropped/006.png,https://raw.githubusercontent.com/estathidev/baralhos/main/baralhos/cigano/006.png
E10,Tommie Kelly,baralhos/tommie-kelly/06-The-Contemplator.jpg,214898,image/jpeg,https://mortesubita.net/wp-content/uploads/2020/08/06-The-Contemplator.jpg,https://raw.githubusercontent.com/estathidev/baralhos/main/baralhos/tommie-kelly/06-The-Contemplator.jpg
F10,Runas,baralhos/runas/eiwaz.png,23258,image/png,https://raw.githubusercontent.com/estathidev/divinacao/main/img/runas/eiwaz.png,https://raw.githubusercontent.com/estathidev/baralhos/main/baralhos/runas/eiwaz.png
G10,Cartas Sakura,baralhos/cartas-sakura/SakuraErase.webp,15666,image/webp,https://static.wikia.nocookie.net/ccs/images/d/de/SakuraErase.jpg/revision/latest/scale-to-width-down/150?cb=20160527124517,https://raw.githubusercontent.com/estathidev/baralhos/main/baralhos/cartas-sakura/SakuraErase.webp
B11,Tarot,baralhos/tarot/tarot_-g1113.png,196379,image/png,https://raw.githubusercontent.com/nevoheiro/tarot/main/tarot_%23g1113.png,https://raw.githubusercontent.com/estathidev/baralhos/main/baralhos/tarot/tarot_-g1113.png
C11,Os70,baralhos/os70/jVhSIAy.png,43827,image/png,https://i.imgur.com/jVhSIAy.png,https://raw.githubusercontent.com/estathidev/baralhos/main/baralhos/os70/jVhSIAy.png
D11,Cigano,baralhos/cigano/007.png,1412668,image/png,https://raw.githubusercontent.com/skewoof/baralho-cigano-imagens/main/imagens/cigano_cropped/007.png,https://raw.githubusercontent.com/estathidev/baralhos/main/baralhos/cigano/007.png
E11,Tommie Kelly,baralhos/tommie-kelly/07-The-Dancer.jpg,217085,image/jpeg,https://mortesubita.net/wp-content/uploads/2020/08/07-The-Dancer.jpg,https://raw.githubusercontent.com/estathidev/baralhos/main/baralhos/tommie-kelly/07-The-Dancer.jpg
F11,Runas,baralhos/runas/fehu.png,22096,image/png,https://raw.githubusercontent.com/estathidev/divinacao/main/img/runas/fehu.png,https://raw.githubusercontent.com/estathidev/baralhos/main/baralhos/runas/fehu.png
G11,Cartas Sakura,baralhos/cartas-sakura/SakuraPower.webp,15012,image/webp,https://static.wikia.nocookie.net/ccs/images/6/65/SakuraPower.jpg/revision/latest/scale-to-width-down/150?cb=20160527125104,https://raw.githubusercontent.com/estathidev/baralhos/main/baralhos/cartas-sakura/SakuraPower.webp
B12,Tarot,baralhos/tarot/tarot_-g1129.png,166886,image/png,https://raw.githubusercontent.com/nevoheiro/tarot/main/tarot_%23g1129.png,https://raw.githubusercontent.com/estathidev/baralhos/main/baralhos/tarot/tarot_-g1129.png
C12,Os70,baralhos/os70/L6PAuQG.png,43752,image/png,https://i.imgur.com/L6PAuQG.png,https://raw.githubusercontent.com/estathidev/baralhos/main/baralhos/os70/L6PAuQG.png
D12,Cigano,baralhos/cigano/008.png,1407941,image/png,https://raw.githubusercontent.com/skewoof/baralho-cigano-imagens/main/imagens/cigano_cropped/008.png,https://raw.githubusercontent.com/estathidev/baralhos/main/baralhos/cigano/008.png
E12,Tommie Kelly,baralhos/tommie-kelly/08-The-Dead.jpg,128541,image/jpeg,https://mortesubita.net/wp-content/uploads/2020/08/08-The-Dead.jpg,https://raw.githubusercontent.com/estathidev/baralhos/main/baralhos/tommie-kelly/08-The-Dead.jpg
F12,Runas,baralhos/runas/gebo.png,23146,image/png,https://raw.githubusercontent.com/estathidev/divinacao/main/img/runas/gebo.png,https://raw.githubusercontent.com/estathidev/baralhos/main/baralhos/runas/gebo.png
G12,Cartas Sakura,baralhos/cartas-sakura/SakuraSweet.webp,12800,image/webp,https://static.wikia.nocookie.net/ccs/images/6/68/SakuraSweet.jpg/revision/latest/scale-to-width-down/150?cb=20160527130334,https://raw.githubusercontent.com/estathidev/baralhos/main/baralhos/cartas-sakura/SakuraSweet.webp
B13,Tarot,baralhos/tarot/tarot_-g1145.png,143291,image/png,https://raw.githubusercontent.com/nevoheiro/tarot/main/tarot_%23g1145.png,https://raw.githubusercontent.com/estathidev/baralhos/main/baralhos/tarot/tarot_-g1145.png
C13,Os70,baralhos/os70/qRBm9am.png,47144,image/png,https://i.imgur.com/qRBm9am.png,https://raw.githubusercontent.com/estathidev/baralhos/main/baralhos/os70/qRBm9am.png
D13,Cigano,baralhos/cigano/009.png,1402403,image/png,https://raw.githubusercontent.com/skewoof/baralho-cigano-imagens/main/imagens/cigano_cropped/009.png,https://raw.githubusercontent.com/estathidev/baralhos/main/baralhos/cigano/009.png
E13,Tommie Kelly,baralhos/tommie-kelly/09-The-Depleted.jpg,160640,image/jpeg,https://mortesubita.net/wp-content/uploads/2020/08/09-The-Depleted.jpg,https://raw.githubusercontent.com/estathidev/baralhos/main/baralhos/tommie-kelly/09-The-Depleted.jpg
F13,Runas,baralhos/runas/hagalaz.png,23181,image/png,https://raw.githubusercontent.com/estathidev/divinacao/main/img/runas/hagalaz.png,https://raw.githubusercontent.com/estathidev/baralhos/main/baralhos/runas/hagalaz.png
G13,Cartas Sakura,baralhos/cartas-sakura/SakuraLock.webp,12728,image/webp,https://static.wikia.nocookie.net/ccs/images/0/08/SakuraLock.jpg/revision/latest/scale-to-width-down/150?cb=20160606171602,https://raw.githubusercontent.com/estathidev/baralhos/main/baralhos/cartas-sakura/SakuraLock.webp
B14,Tarot,baralhos/tarot/tarot_-g1161.png,162911,image/png,https://raw.githubusercontent.com/nevoheiro/tarot/main/tarot_%23g1161.png,https://raw.githubusercontent.com/estathidev/baralhos/main/baralhos/tarot/tarot_-g1161.png
C14,Os70,baralhos/os70/JkeAbO7.png,44980,image/png,https://i.imgur.com/JkeAbO7.png,https://raw.githubusercontent.com/estathidev/baralhos/main/baralhos/os70/JkeAbO7.png
D14,Cigano,baralhos/cigano/010.png,1384559,image/png,https://raw.githubusercontent.com/skewoof/baralho-cigano-imagens/main/imagens/cigano_cropped/010.png,https://raw.githubusercontent.com/estathidev/baralhos/main/baralhos/cigano/010.png
E14,Tommie Kelly,baralhos/tommie-kelly/10-The-Desperate.jpg,152774,image/jpeg,https://mortesubita.net/wp-content/uploads/2020/08/10-The-Desperate.jpg,https://raw.githubusercontent.com/estathidev/baralhos/main/baralhos/tommie-kelly/10-The-Desperate.jpg
F14,Runas,baralhos/runas/ingwaz.png,24324,image/png,https://raw.githubusercontent.com/estathidev/divinacao/main/img/runas/ingwaz.png,https://raw.githubusercontent.com/estathidev/baralhos/main/baralhos/runas/ingwaz.png
G14,Cartas Sakura,baralhos/cartas-sakura/SakuraLibra.webp,13872,image/webp,https://static.wikia.nocookie.net/ccs/images/6/6f/SakuraLibra.jpg/revision/latest/scale-to-width-down/150?cb=20160527125927,https://raw.githubusercontent.com/estathidev/baralhos/main/baralhos/cartas-sakura/SakuraLibra.webp
B15,Tarot,baralhos/tarot/tarot_-g1177.png,136747,image/png,https://raw.githubusercontent.com/nevoheiro/tarot/main/tarot_%23g1177.png,https://raw.githubusercontent.com/estathidev/baralhos/main/baralhos/tarot/tarot_-g1177.png
C15,Os70,baralhos/os70/LonnNKO.png,41010,image/png,https://i.imgur.com/LonnNKO.png,https://raw.githubusercontent.com/estathidev/baralhos/main/baralhos/os70/LonnNKO.png
D15,Cigano,baralhos/cigano/011.png,1206727,image/png,https://raw.githubusercontent.com/skewoof/baralho-cigano-imagens/main/imagens/cigano_cropped/011.png,https://raw.githubusercontent.com/estathidev/baralhos/main/baralhos/cigano/011.png
E15,Tommie Kelly,baralhos/tommie-kelly/11-The-Devil.jpg,86538,image/jpeg,https://mortesubita.net/wp-content/uploads/2020/08/11-The-Devil.jpg,https://raw.githubusercontent.com/estathidev/baralhos/main/baralhos/tommie-kelly/11-The-Devil.jpg
F15,Runas,baralhos/runas/isaz.png,15625,image/png,https://raw.githubusercontent.com/estathidev/divinacao/main/img/runas/isaz.png,https://raw.githubusercontent.com/estathidev/baralhos/main/baralhos/runas/isaz.png
G15,Cartas Sakura,baralhos/cartas-sakura/SakuraSand.webp,14054,image/webp,https://static.wikia.nocookie.net/ccs/images/0/03/SakuraSand.jpg/revision/latest/scale-to-width-down/150?cb=20160527130704,https://raw.githubusercontent.com/estathidev/baralhos/main/baralhos/cartas-sakura/SakuraSand.webp
B16,Tarot,baralhos/tarot/tarot_-g1209.png,164521,image/png,https://raw.githubusercontent.com/nevoheiro/tarot/main/tarot_%23g1209.png,https://raw.githubusercontent.com/estathidev/baralhos/main/baralhos/tarot/tarot_-g1209.png
C16,Os70,baralhos/os70/ijptvXg.png,50076,image/png,https://i.imgur.com/ijptvXg.png,https://raw.githubusercontent.com/estathidev/baralhos/main/baralhos/os70/ijptvXg.png
D16,Cigano,baralhos/cigano/012.png,1249022,image/png,https://raw.githubusercontent.com/skewoof/baralho-cigano-imagens/main/imagens/cigano_cropped/012.png,https://raw.githubusercontent.com/estathidev/baralhos/main/baralhos/cigano/012.png
E16,Tommie Kelly,baralhos/tommie-kelly/12-The-Explorer.jpg,157882,image/jpeg,https://mortesubita.net/wp-content/uploads/2020/08/12-The-Explorer.jpg,https://raw.githubusercontent.com/estathidev/baralhos/main/baralhos/tommie-kelly/12-The-Explorer.jpg
F16,Runas,baralhos/runas/jera.png,22474,image/png,https://raw.githubusercontent.com/estathidev/divinacao/main/img/runas/jera.png,https://raw.githubusercontent.com/estathidev/baralhos/main/baralhos/runas/jera.png
G16,Cartas Sakura,baralhos/cartas-sakura/SakuraVoice.webp,14508,image/webp,https://static.wikia.nocookie.net/ccs/images/a/a1/SakuraVoice.jpg/revision/latest/scale-to-width-down/150?cb=20160527124913,https://raw.githubusercontent.com/estathidev/baralhos/main/baralhos/cartas-sakura/SakuraVoice.webp
B17,Tarot,baralhos/tarot/tarot_-g1225.png,168522,image/png,https://raw.githubusercontent.com/nevoheiro/tarot/main/tarot_%23g1225.png,https://raw.githubusercontent.com/estathidev/baralhos/main/baralhos/tarot/tarot_-g1225.png
C17,Os70,baralhos/os70/cdBMtBg.png,45989,image/png,https://i.imgur.com/cdBMtBg.png,https://raw.githubusercontent.com/estathidev/baralhos/main/baralhos/os70/cdBMtBg.png
D17,Cigano,baralhos/cigano/013.png,1263680,image/png,https://raw.githubusercontent.com/skewoof/baralho-cigano-imagens/main/imagens/cigano_cropped/013.png,https://raw.githubusercontent.com/estathidev/baralhos/main/baralhos/cigano/013.png
E17,Tommie Kelly,baralhos/tommie-kelly/13-The-Eye.jpg,221061,image/jpeg,https://mortesubita.net/wp-content/uploads/2020/08/13-The-Eye.jpg,https://raw.githubusercontent.com/estathidev/baralhos/main/baralhos/tommie-kelly/13-The-Eye.jpg
F17,Runas,baralhos/runas/kaunan.png,23142,image/png,https://raw.githubusercontent.com/estathidev/divinacao/main/img/runas/kaunan.png,https://raw.githubusercontent.com/estathidev/baralhos/main/baralhos/runas/kaunan.png
G17,Cartas Sakura,baralhos/cartas-sakura/SakuraChange.webp,12768,image/webp,https://static.wikia.nocookie.net/ccs/images/2/21/SakuraChange.jpg/revision/latest/scale-to-width-down/150?cb=20160527123515,https://raw.githubusercontent.com/estathidev/baralhos/main/baralhos/cartas-sakura/SakuraChange.webp
B18,Tarot,baralhos/tarot/tarot_-g1241.png,141195,image/png,https://raw.githubusercontent.com/nevoheiro/tarot/main/tarot_%23g1241.png,https://raw.githubusercontent.com/estathidev/baralhos/main/baralhos/tarot/tarot_-g1241.png
C18,Os70,baralhos/os70/HAroyw9.png,44154,image/png,https://i.imgur.com/HAroyw9.png,https://raw.githubusercontent.com/estathidev/baralhos/main/baralhos/os70/HAroyw9.png
D18,Cigano,baralhos/cigano/014.png,1381055,image/png,https://raw.githubusercontent.com/skewoof/baralho-cigano-imagens/main/imagens/cigano_cropped/014.png,https://raw.githubusercontent.com/estathidev/baralhos/main/baralhos/cigano/014.png
E18,Tommie Kelly,baralhos/tommie-kelly/14-The-Father.jpg,86190,image/jpeg,https://mortesubita.net/wp-content/uploads/2020/08/14-The-Father.jpg,https://raw.githubusercontent.com/estathidev/baralhos/main/baralhos/tommie-kelly/14-The-Father.jpg
F18,Runas,baralhos/runas/laguz.png,17591,image/png,https://raw.githubusercontent.com/estathidev/divinacao/main/img/runas/laguz.png,https://raw.githubusercontent.com/estathidev/baralhos/main/baralhos/runas/laguz.png
G18,Cartas Sakura,baralhos/cartas-sakura/SakuraWave.webp,13092,image/webp,https://static.wikia.nocookie.net/ccs/images/9/92/SakuraWave.jpg/revision/latest/scale-to-width-down/150?cb=20160527124821,https://raw.githubusercontent.com/estathidev/baralhos/main/baralhos/cartas-sakura/SakuraWave.webp
B19,Tarot,baralhos/tarot/tarot_-g1257.png,168574,image/png,https://raw.githubusercontent.com/nevoheiro/tarot/main/tarot_%23g1257.png,https://raw.githubusercontent.com/estathidev/baralhos/main/baralhos/tarot/tarot_-g1257.png
C19,Os70,baralhos/os70/IxkuoIj.png,51841,image/png,https://i.imgur.com/IxkuoIj.png,https://raw.githubusercontent.com/estathidev/baralhos/main/baralhos/os70/IxkuoIj.png
D19,Cigano,baralhos/cigano/015.png,1481357,image/png,https://raw.githubusercontent.com/skewoof/baralho-cigano-imagens/main/imagens/cigano_cropped/015.png,https://raw.githubusercontent.com/estathidev/baralhos/main/baralhos/cigano/015.png
E19,Tommie Kelly,baralhos/tommie-kelly/15-The-Fixer.jpg,49586,image/jpeg,https://mortesubita.net/wp-content/uploads/2020/08/15-The-Fixer.jpg,https://raw.githubusercontent.com/estathidev/baralhos/main/baralhos/tommie-kelly/15-The-Fixer.jpg
F19,Runas,baralhos/runas/mannaz.png,23490,image/png,https://raw.githubusercontent.com/estathidev/divinacao/main/img/runas/mannaz.png,https://raw.githubusercontent.com/estathidev/baralhos/main/baralhos/runas/mannaz.png
G19,Cartas Sakura,baralhos/cartas-sakura/SakuraDash.webp,13924,image/webp,https://static.wikia.nocookie.net/ccs/images/0/00/SakuraDash.jpg/revision/latest/scale-to-width-down/150?cb=20160527130319,https://raw.githubusercontent.com/estathidev/baralhos/main/baralhos/cartas-sakura/SakuraDash.webp
B20,Tarot,baralhos/tarot/tarot_-g1273.png,158493,image/png,https://raw.githubusercontent.com/nevoheiro/tarot/main/tarot_%23g1273.png,https://raw.githubusercontent.com/estathidev/baralhos/main/baralhos/tarot/tarot_-g1273.png
C20,Os70,baralhos/os70/KvpgcQF.png,49798,image/png,https://i.imgur.com/KvpgcQF.png,https://raw.githubusercontent.com/estathidev/baralhos/main/baralhos/os70/KvpgcQF.png
D20,Cigano,baralhos/cigano/016.png,1294355,image/png,https://raw.githubusercontent.com/skewoof/baralho-cigano-imagens/main/imagens/cigano_cropped/016.png,https://raw.githubusercontent.com/estathidev/baralhos/main/baralhos/cigano/016.png
E20,Tommie Kelly,baralhos/tommie-kelly/16-The-Fortunate.jpg,155351,image/jpeg,https://mortesubita.net/wp-content/uploads/2020/08/16-The-Fortunate.jpg,https://raw.githubusercontent.com/estathidev/baralhos/main/baralhos/tommie-kelly/16-The-Fortunate.jpg
F20,Runas,baralhos/runas/naudiz.png,20452,image/png,https://raw.githubusercontent.com/estathidev/divinacao/main/img/runas/naudiz.png,https://raw.githubusercontent.com/estathidev/baralhos/main/baralhos/runas/naudiz.png
G20,Cartas Sakura,baralhos/cartas-sakura/SakuraWindy.webp,16976,image/webp,https://static.wikia.nocookie.net/ccs/images/8/8a/SakuraWindy.jpg/revision/latest/scale-to-width-down/150?cb=20160527124333,https://raw.githubusercontent.com/estathidev/baralhos/main/baralhos/cartas-sakura/SakuraWindy.webp
B21,Tarot,baralhos/tarot/tarot_-g1289.png,146427,image/png,https://raw.githubusercontent.com/nevoheiro/tarot/main/tarot_%23g1289.png,https://raw.githubusercontent.com/estathidev/baralhos/main/baralhos/tarot/tarot_-g1289.png
C21,Os70,baralhos/os70/8uePJgC.png,42219,image/png,https://i.imgur.com/8uePJgC.png,https://raw.githubusercontent.com/estathidev/baralhos/main/baralhos/os70/8uePJgC.png
D21,Cigano,baralhos/cigano/017.png,1488739,image/png,https://raw.githubusercontent.com/skewoof/baralho-cigano-imagens/main/imagens/cigano_cropped/017.png,https://raw.githubusercontent.com/estathidev/baralhos/main/baralhos/cigano/017.png
E21,Tommie Kelly,baralhos/tommie-kelly/17-The-Gate-Keeper.jpg,156008,image/jpeg,https://mortesubita.net/wp-content/uploads/2020/08/17-The-Gate-Keeper.jpg,https://raw.githubusercontent.com/estathidev/baralhos/main/baralhos/tommie-kelly/17-The-Gate-Keeper.jpg
F21,Runas,baralhos/runas/othala.png,23373,image/png,https://raw.githubusercontent.com/estathidev/divinacao/main/img/runas/othala.png,https://raw.githubusercontent.com/estathidev/baralhos/main/baralhos/runas/othala.png
G21,Cartas Sakura,baralhos/cartas-sakura/SakuraLoop.webp,12650,image/webp,https://static.wikia.nocookie.net/ccs/images/9/9f/SakuraLoop.jpg/revision/latest/scale-to-width-down/150?cb=20160527124600,https://raw.githubusercontent.com/estathidev/baralhos/main/baralhos/cartas-sakura/SakuraLoop.webp
B22,Tarot,baralhos/tarot/tarot_-g1305.png,154042,image/png,https://raw.githubusercontent.com/nevoheiro/tarot/main/tarot_%23g1305.png,https://raw.githubusercontent.com/estathidev/baralhos/main/baralhos/tarot/tarot_-g1305.png
C22,Os70,baralhos/os70/Ynh13bs.png,49540,image/png,https://i.imgur.com/Ynh13bs.png,https://raw.githubusercontent.com/estathidev/baralhos/main/baralhos/os70/Ynh13bs.png
D22,Cigano,baralhos/cigano/018.png,1454657,image/png,https://raw.githubusercontent.com/skewoof/baralho-cigano-imagens/main/imagens/cigano_cropped/018.png,https://raw.githubusercontent.com/estathidev/baralhos/main/baralhos/cigano/018.png
E22,Tommie Kelly,baralhos/tommie-kelly/18-The-Giver.jpg,199884,image/jpeg,https://mortesubita.net/wp-content/uploads/2020/08/18-The-Giver.jpg,https://raw.githubusercontent.com/estathidev/baralhos/main/baralhos/tommie-kelly/18-The-Giver.jpg
F22,Runas,baralhos/runas/perthro.png,27100,image/png,https://raw.githubusercontent.com/estathidev/divinacao/main/img/runas/perthro.png,https://raw.githubusercontent.com/estathidev/baralhos/main/baralhos/runas/perthro.png
G22,Cartas Sakura,baralhos/cartas-sakura/SakuraFlower.webp,16252,image/webp,https://static.wikia.nocookie.net/ccs/images/6/6f/SakuraFlower.jpg/revision/latest/scale-to-width-down/150?cb=20160606171109,https://raw.githubusercontent.com/estathidev/baralhos/main/baralhos/cartas-sakura/SakuraFlower.webp
B23,Tarot,baralhos/tarot/tarot_-g1321.png,130219,image/png,https://raw.githubusercontent.com/nevoheiro/tarot/main/tarot_%23g1321.png,https://raw.githubusercontent.com/estathidev/baralhos/main/baralhos/tarot/tarot_-g1321.png
C23,Os70,baralhos/os70/lU1ohqP.png,44927,image/png,https://i.imgur.com/lU1ohqP.png,https://raw.githubusercontent.com/estathidev/baralhos/main/baralhos/os70/lU1ohqP.png
D23,Cigano,baralhos/cigano/019.png,1438594,image/png,https://raw.githubusercontent.com/skewoof/baralho-cigano-imagens/main/imagens/cigano_cropped/019.png,https://raw.githubusercontent.com/estathidev/baralhos/main/baralhos/cigano/019.png
E23,Tommie Kelly,baralhos/tommie-kelly/19-The-Guru.jpg,104105,image/jpeg,https://mortesubita.net/wp-content/uploads/2020/08/19-The-Guru.jpg,https://raw.githubusercontent.com/estathidev/baralhos/main/baralhos/tommie-kelly/19-The-Guru.jpg
F23,Runas,baralhos/runas/raido.png,19260,image/png,https://raw.githubusercontent.com/estathidev/divinacao/main/img/runas/raido.png,https://raw.githubusercontent.com/estathidev/baralhos/main/baralhos/runas/raido.png
G23,Cartas Sakura,baralhos/cartas-sakura/SakuraBig.webp,13994,image/webp,https://static.wikia.nocookie.net/ccs/images/3/30/SakuraBig.jpg/revision/latest/scale-to-width-down/150?cb=20160527123116,https://raw.githubusercontent.com/estathidev/baralhos/main/baralhos/cartas-sakura/SakuraBig.webp
B24,Tarot,baralhos/tarot/tarot_-g1337.png,150586,image/png,https://raw.githubusercontent.com/nevoheiro/tarot/main/tarot_%23g1337.png,https://raw.githubusercontent.com/estathidev/baralhos/main/baralhos/tarot/tarot_-g1337.png
C24,Os70,baralhos/os70/GSWQdNa.png,43460,image/png,https://i.imgur.com/GSWQdNa.png,https://raw.githubusercontent.com/estathidev/baralhos/main/baralhos/os70/GSWQdNa.png
D24,Cigano,baralhos/cigano/020.png,1338983,image/png,https://raw.githubusercontent.com/skewoof/baralho-cigano-imagens/main/imagens/cigano_cropped/020.png,https://raw.githubusercontent.com/estathidev/baralhos/main/baralhos/cigano/020.png
E24,Tommie Kelly,baralhos/tommie-kelly/20-The-Healer.jpg,128159,image/jpeg,https://mortesubita.net/wp-content/uploads/2020/08/20-The-Healer.jpg,https://raw.githubusercontent.com/estathidev/baralhos/main/baralhos/tommie-kelly/20-The-Healer.jpg
F24,Runas,baralhos/runas/sowilo.png,22491,image/png,https://raw.githubusercontent.com/estathidev/divinacao/main/img/runas/sowilo.png,https://raw.githubusercontent.com/estathidev/baralhos/main/baralhos/runas/sowilo.png
G24,Cartas Sakura,baralhos/cartas-sakura/SakuraLittle.webp,15262,image/webp,https://static.wikia.nocookie.net/ccs/images/d/db/SakuraLittle.jpg/revision/latest/scale-to-width-down/150?cb=20160527130025,https://raw.githubusercontent.com/estathidev/baralhos/main/baralhos/cartas-sakura/SakuraLittle.webp
B25,Tarot,baralhos/tarot/tarot_-g1369.png,151218,image/png,https://raw.githubusercontent.com/nevoheiro/tarot/main/tarot_%23g1369.png,https://raw.githubusercontent.com/estathidev/baralhos/main/baralhos/tarot/tarot_-g1369.png
C25,Os70,baralhos/os70/uO7aqrI.png,58733,image/png,https://i.imgur.com/uO7aqrI.png,https://raw.githubusercontent.com/estathidev/baralhos/main/baralhos/os70/uO7aqrI.png
D25,Cigano,baralhos/cigano/021.png,1301607,image/png,https://raw.githubusercontent.com/skewoof/baralho-cigano-imagens/main/imagens/cigano_cropped/021.png,https://raw.githubusercontent.com/estathidev/baralhos/main/baralhos/cigano/021.png
E25,Tommie Kelly,baralhos/tommie-kelly/21-The-Idea.jpg,192074,image/jpeg,https://mortesubita.net/wp-content/uploads/2020/08/21-The-Idea.jpg,https://raw.githubusercontent.com/estathidev/baralhos/main/baralhos/tommie-kelly/21-The-Idea.jpg
F25,Runas,baralhos/runas/thurisaz.png,23469,image/png,https://raw.githubusercontent.com/estathidev/divinacao/main/img/runas/thurisaz.png,https://raw.githubusercontent.com/estathidev/baralhos/main/baralhos/runas/thurisaz.png
G25,Cartas Sakura,baralhos/cartas-sakura/SakuraSleep.webp,15394,image/webp,https://static.wikia.nocookie.net/ccs/images/f/fa/SakuraSleep.jpg/revision/latest/scale-to-width-down/150?cb=20160527130622,https://raw.githubusercontent.com/estathidev/baralhos/main/baralhos/cartas-sakura/SakuraSleep.webp
B26,Tarot,baralhos/tarot/tarot_-g1385.png,164914,image/png,https://raw.githubusercontent.com/nevoheiro/tarot/main/tarot_%23g1385.png,https://raw.githubusercontent.com/estathidev/baralhos/main/baralhos/tarot/tarot_-g1385.png
C26,Os70,baralhos/os70/gC99Yqd.png,43322,image/png,https://i.imgur.com/gC99Yqd.png,https://raw.githubusercontent.com/estathidev/baralhos/main/baralhos/os70/gC99Yqd.png
D26,Cigano,baralhos/cigano/022.png,1220979,image/png,https://raw.githubusercontent.com/skewoof/baralho-cigano-imagens/main/imagens/cigano_cropped/022.png,https://raw.githubusercontent.com/estathidev/baralhos/main/baralhos/cigano/022.png
E26,Tommie Kelly,baralhos/tommie-kelly/22-The-Levitator.jpg,74243,image/jpeg,https://mortesubita.net/wp-content/uploads/2020/08/22-The-Levitator.jpg,https://raw.githubusercontent.com/estathidev/baralhos/main/baralhos/tommie-kelly/22-The-Levitator.jpg
F26,Runas,baralhos/runas/tiwaz.png,20817,image/png,https://raw.githubusercontent.com/estathidev/divinacao/main/img/runas/tiwaz.png,https://raw.githubusercontent.com/estathidev/baralhos/main/baralhos/runas/tiwaz.png
G26,Cartas Sakura,baralhos/cartas-sakura/SakuraFloat.webp,13532,image/webp,https://static.wikia.nocookie.net/ccs/images/6/61/SakuraFloat.jpg/revision/latest/scale-to-width-down/150?cb=20160527125812,https://raw.githubusercontent.com/estathidev/baralhos/main/baralhos/cartas-sakura/SakuraFloat.webp
B27,Tarot,baralhos/tarot/tarot_-g1401.png,174513,image/png,https://raw.githubusercontent.com/nevoheiro/tarot/main/tarot_%23g1401.png,https://raw.githubusercontent.com/estathidev/baralhos/main/baralhos/tarot/tarot_-g1401.png
C27,Os70,baralhos/os70/hLgn5LK.png,52129,image/png,https://i.imgur.com/hLgn5LK.png,https://raw.githubusercontent.com/estathidev/baralhos/main/baralhos/os70/hLgn5LK.png
D27,Cigano,baralhos/cigano/023.png,1361177,image/png,https://raw.githubusercontent.com/skewoof/baralho-cigano-imagens/main/imagens/cigano_cropped/023.png,https://raw.githubusercontent.com/estathidev/baralhos/main/baralhos/cigano/023.png
E27,Tommie Kelly,baralhos/tommie-kelly/23-The-Librarian.jpg,135454,image/jpeg,https://mortesubita.net/wp-content/uploads/2020/08/23-The-Librarian.jpg,https://raw.githubusercontent.com/estathidev/baralhos/main/baralhos/tommie-kelly/23-The-Librarian.jpg
F27,Runas,baralhos/runas/uruz.png,18576,image/png,https://raw.githubusercontent.com/estathidev/divinacao/main/img/runas/uruz.png,https://raw.githubusercontent.com/estathidev/baralhos/main/baralhos/runas/uruz.png
G27,Cartas Sakura,baralhos/cartas-sakura/SakuraBubbles.webp,15590,image/webp,https://static.wikia.nocookie.net/ccs/images/0/02/SakuraBubbles.jpg/revision/latest/scale-to-width-down/150?cb=20180819110204,https://raw.githubusercontent.com/estathidev/baralhos/main/baralhos/cartas-sakura/SakuraBubbles.webp
B28,Tarot,baralhos/tarot/tarot_-g1417.png,164024,image/png,https://raw.githubusercontent.com/nevoheiro/tarot/main/tarot_%23g1417.png,https://raw.githubusercontent.com/estathidev/baralhos/main/baralhos/tarot/tarot_-g1417.png
C28,Os70,baralhos/os70/8SdNxgU.png,38666,image/png,https://i.imgur.com/8SdNxgU.png,https://raw.githubusercontent.com/estathidev/baralhos/main/baralhos/os70/8SdNxgU.png
D28,Cigano,baralhos/cigano/024.png,1290599,image/png,https://raw.githubusercontent.com/skewoof/baralho-cigano-imagens/main/imagens/cigano_cropped/024.png,https://raw.githubusercontent.com/estathidev/baralhos/main/baralhos/cigano/024.png
E28,Tommie Kelly,baralhos/tommie-kelly/24-The-Lovers.jpg,199843,image/jpeg,https://mortesubita.net/wp-content/uploads/2020/08/24-The-Lovers.jpg,https://raw.githubusercontent.com/estathidev/baralhos/main/baralhos/tommie-kelly/24-The-Lovers.jpg
F28,Runas,baralhos/runas/wunjo.png,20905,image/png,https://raw.githubusercontent.com/estathidev/divinacao/main/img/runas/wunjo.png,https://raw.githubusercontent.com/estathidev/baralhos/main/baralhos/runas/wunjo.png
G28,Cartas Sakura,baralhos/cartas-sakura/SakuraShield.webp,14930,image/webp,https://static.wikia.nocookie.net/ccs/images/1/1b/SakuraShield.jpg/revision/latest/scale-to-width-down/150?cb=20160527125852,https://raw.githubusercontent.com/estathidev/baralhos/main/baralhos/cartas-sakura/SakuraShield.webp
B29,Tarot,baralhos/tarot/tarot_-g1433.png,136192,image/png,https://raw.githubusercontent.com/nevoheiro/tarot/main/tarot_%23g1433.png,https://raw.githubusercontent.com/estathidev/baralhos/main/baralhos/tarot/tarot_-g1433.png
C29,Os70,baralhos/os70/rb4M2iQ.png,50596,image/png,https://i.imgur.com/rb4M2iQ.png,https://raw.githubusercontent.com/estathidev/baralhos/main/baralhos/os70/rb4M2iQ.png
D29,Cigano,baralhos/cigano/025.png,1396072,image/png,https://raw.githubusercontent.com/skewoof/baralho-cigano-imagens/main/imagens/cigano_cropped/025.png,https://raw.githubusercontent.com/estathidev/baralhos/main/baralhos/cigano/025.png
E29,Tommie Kelly,baralhos/tommie-kelly/25-The-Master.jpg,148183,image/jpeg,https://mortesubita.net/wp-content/uploads/2020/08/25-The-Master.jpg,https://raw.githubusercontent.com/estathidev/baralhos/main/baralhos/tommie-kelly/25-The-Master.jpg
G29,Cartas Sakura,baralhos/cartas-sakura/SakuraShadow.webp,13168,image/webp,https://static.wikia.nocookie.net/ccs/images/f/f5/SakuraShadow.jpg/revision/latest/scale-to-width-down/150?cb=20160606172513,https://raw.githubusercontent.com/estathidev/baralhos/main/baralhos/cartas-sakura/SakuraShadow.webp
B30,Tarot,baralhos/tarot/tarot_-g1449.png,178652,image/png,https://raw.githubusercontent.com/nevoheiro/tarot/main/tarot_%23g1449.png,https://raw.githubusercontent.com/estathidev/baralhos/main/baralhos/tarot/tarot_-g1449.png
C30,Os70,baralhos/os70/BHNeEPv.png,44427,image/png,https://i.imgur.com/BHNeEPv.png,https://raw.githubusercontent.com/estathidev/baralhos/main/baralhos/os70/BHNeEPv.png
D30,Cigano,baralhos/cigano/026.png,1321884,image/png,https://raw.githubusercontent.com/skewoof/baralho-cigano-imagens/main/imagens/cigano_cropped/026.png,https://raw.githubusercontent.com/estathidev/baralhos/main/baralhos/cigano/026.png
E30,Tommie Kelly,baralhos/tommie-kelly/26-The-Media.jpg,100925,image/jpeg,https://mortesubita.net/wp-content/uploads/2020/08/26-The-Media.jpg,https://raw.githubusercontent.com/estathidev/baralhos/main/baralhos/tommie-kelly/26-The-Media.jpg
G30,Cartas Sakura,baralhos/cartas-sakura/SakuraFreeze.webp,12866,image/webp,https://static.wikia.nocookie.net/ccs/images/a/a8/SakuraFreeze.jpg/revision/latest/scale-to-width-down/150?cb=20160527124659,https://raw.githubusercontent.com/estathidev/baralhos/main/baralhos/cartas-sakura/SakuraFreeze.webp
B31,Tarot,baralhos/tarot/tarot_-g1465.png,178209,image/png,https://raw.githubusercontent.com/nevoheiro/tarot/main/tarot_%23g1465.png,https://raw.githubusercontent.com/estathidev/baralhos/main/baralhos/tarot/tarot_-g1465.png
C31,Os70,baralhos/os70/lbwbXrn.png,44275,image/png,https://i.imgur.com/lbwbXrn.png,https://raw.githubusercontent.com/estathidev/baralhos/main/baralhos/os70/lbwbXrn.png
D31,Cigano,baralhos/cigano/027.png,1138999,image/png,https://raw.githubusercontent.com/skewoof/baralho-cigano-imagens/main/imagens/cigano_cropped/027.png,https://raw.githubusercontent.com/estathidev/baralhos/main/baralhos/cigano/027.png
E31,Tommie Kelly,baralhos/tommie-kelly/27-The-Messenger.jpg,164728,image/jpeg,https://mortesubita.net/wp-content/uploads/2020/08/27-The-Messenger.jpg,https://raw.githubusercontent.com/estathidev/baralhos/main/baralhos/tommie-kelly/27-The-Messenger.jpg
G31,Cartas Sakura,baralhos/cartas-sakura/SakuraMist.webp,15168,image/webp,https://static.wikia.nocookie.net/ccs/images/a/ab/SakuraMist.jpg/revision/latest/scale-to-width-down/150?cb=20160527125451,https://raw.githubusercontent.com/estathidev/baralhos/main/baralhos/cartas-sakura/SakuraMist.webp
B32,Tarot,baralhos/tarot/tarot_-g1481.png,168684,image/png,https://raw.githubusercontent.com/nevoheiro/tarot/main/tarot_%23g1481.png,https://raw.githubusercontent.com/estathidev/baralhos/main/baralhos/tarot/tarot_-g1481.png
C32,Os70,baralhos/os70/lIvHVHh.png,43199,image/png,https://i.imgur.com/lIvHVHh.png,https://raw.githubusercontent.com/estathidev/baralhos/main/baralhos/os70/lIvHVHh.png
D32,Cigano,baralhos/cigano/028.png,1443969,image/png,https://raw.githubusercontent.com/skewoof/baralho-cigano-imagens/main/imagens/cigano_cropped/028.png,https://raw.githubusercontent.com/estathidev/baralhos/main/baralhos/cigano/028.png
E32,Tommie Kelly,baralhos/tommie-kelly/28-The-Monk.jpg,80915,image/jpeg,https://mortesubita.net/wp-content/uploads/2020/08/28-The-Monk.jpg,https://raw.githubusercontent.com/estathidev/baralhos/main/baralhos/tommie-kelly/28-The-Monk.jpg
G32,Cartas Sakura,baralhos/cartas-sakura/SakuraDream.webp,13890,image/webp,https://static.wikia.nocookie.net/ccs/images/f/f5/SakuraDream.jpg/revision/latest/scale-to-width-down/150?cb=20160527124438,https://raw.githubusercontent.com/estathidev/baralhos/main/baralhos/cartas-sakura/SakuraDream.webp
B33,Tarot,baralhos/tarot/tarot_-g1497.png,134404,image/png,https://raw.githubusercontent.com/nevoheiro/tarot/main/tarot_%23g1497.png,https://raw.githubusercontent.com/estathidev/baralhos/main/baralhos/tarot/tarot_-g1497.png
C33,Os70,baralhos/os70/T63ytwG.png,41900,image/png,https://i.imgur.com/T63ytwG.png,https://raw.githubusercontent.com/estathidev/baralhos/main/baralhos/os70/T63ytwG.png
D33,Cigano,baralhos/cigano/029.png,1185674,image/png,https://raw.githubusercontent.com/skewoof/baralho-cigano-imagens/main/imagens/cigano_cropped/029.png,https://raw.githubusercontent.com/estathidev/baralhos/main/baralhos/cigano/029.png
E33,Tommie Kelly,baralhos/tommie-kelly/29-The-Moon.jpg,74047,image/jpeg,https://mortesubita.net/wp-content/uploads/2020/08/29-The-Moon.jpg,https://raw.githubusercontent.com/estathidev/baralhos/main/baralhos/tommie-kelly/29-The-Moon.jpg
G33,Cartas Sakura,baralhos/cartas-sakura/SakuraWatery.webp,17692,image/webp,https://static.wikia.nocookie.net/ccs/images/1/1c/SakuraWatery.jpg/revision/latest/scale-to-width-down/150?cb=20180819105454,https://raw.githubusercontent.com/estathidev/baralhos/main/baralhos/cartas-sakura/SakuraWatery.webp
B34,Tarot,baralhos/tarot/tarot_-g1529.png,163828,image/png,https://raw.githubusercontent.com/nevoheiro/tarot/main/tarot_%23g1529.png,https://raw.githubusercontent.com/estathidev/baralhos/main/baralhos/tarot/tarot_-g1529.png
C34,Os70,baralhos/os70/Bfptb9N.png,42148,image/png,https://i.imgur.com/Bfptb9N.png,https://raw.githubusercontent.com/estathidev/baralhos/main/baralhos/os70/Bfptb9N.png
D34,Cigano,baralhos/cigano/030.png,1453672,image/png,https://raw.githubusercontent.com/skewoof/baralho-cigano-imagens/main/imagens/cigano_cropped/030.png,https://raw.githubusercontent.com/estathidev/baralhos/main/baralhos/cigano/030.png
E34,Tommie Kelly,baralhos/tommie-kelly/30-The-Mother.jpg,153020,image/jpeg,https://mortesubita.net/wp-content/uploads/2020/08/30-The-Mother.jpg,https://raw.githubusercontent.com/estathidev/baralhos/main/baralhos/tommie-kelly/30-The-Mother.jpg
G34,Cartas Sakura,baralhos/cartas-sakura/SakuraTime.webp,14796,image/webp,https://static.wikia.nocookie.net/ccs/images/f/f1/SakuraTime.jpg/revision/latest/scale-to-width-down/150?cb=20160527130641,https://raw.githubusercontent.com/estathidev/baralhos/main/baralhos/cartas-sakura/SakuraTime.webp
B35,Tarot,baralhos/tarot/tarot_-g1545.png,179684,image/png,https://raw.githubusercontent.com/nevoheiro/tarot/main/tarot_%23g1545.png,https://raw.githubusercontent.com/estathidev/baralhos/main/baralhos/tarot/tarot_-g1545.png
C35,Os70,baralhos/os70/6M4YxVt.png,46891,image/png,https://i.imgur.com/6M4YxVt.png,https://raw.githubusercontent.com/estathidev/baralhos/main/baralhos/os70/6M4YxVt.png
D35,Cigano,baralhos/cigano/031.png,1164215,image/png,https://raw.githubusercontent.com/skewoof/baralho-cigano-imagens/main/imagens/cigano_cropped/031.png,https://raw.githubusercontent.com/estathidev/baralhos/main/baralhos/cigano/031.png
E35,Tommie Kelly,baralhos/tommie-kelly/31-The-Opposer.jpg,231660,image/jpeg,https://mortesubita.net/wp-content/uploads/2020/08/31-The-Opposer.jpg,https://raw.githubusercontent.com/estathidev/baralhos/main/baralhos/tommie-kelly/31-The-Opposer.jpg
G35,Cartas Sakura,baralhos/cartas-sakura/SakuraMaze.webp,13154,image/webp,https://static.wikia.nocookie.net/ccs/images/9/99/SakuraMaze.jpg/revision/latest/scale-to-width-down/150?cb=20160527130721,https://raw.githubusercontent.com/estathidev/baralhos/main/baralhos/cartas-sakura/SakuraMaze.webp
B36,Tarot,baralhos/tarot/tarot_-g1561.png,146885,image/png,https://raw.githubusercontent.com/nevoheiro/tarot/main/tarot_%23g1561.png,https://raw.githubusercontent.com/estathidev/baralhos/main/baralhos/tarot/tarot_-g1561.png
C36,Os70,baralhos/os70/fIZrUI1.png,42626,image/png,https://i.imgur.com/fIZrUI1.png,https://raw.githubusercontent.com/estathidev/baralhos/main/baralhos/os70/fIZrUI1.png
D36,Cigano,baralhos/cigano/032.png,1144374,image/png,https://raw.githubusercontent.com/skewoof/baralho-cigano-imagens/main/imagens/cigano_cropped/032.png,https://raw.githubusercontent.com/estathidev/baralhos/main/baralhos/cigano/032.png
E36,Tommie Kelly,baralhos/tommie-kelly/32-The-Planet.jpg,189466,image/jpeg,https://mortesubita.net/wp-content/uploads/2020/08/32-The-Planet.jpg,https://raw.githubusercontent.com/estathidev/baralhos/main/baralhos/tommie-kelly/32-The-Planet.jpg
G36,Cartas Sakura,baralhos/cartas-sakura/SakuraIllusion.webp,18000,image/webp,https://static.wikia.nocookie.net/ccs/images/2/25/SakuraIllusion.jpg/revision/latest/scale-to-width-down/150?cb=20160527124422,https://raw.githubusercontent.com/estathidev/baralhos/main/baralhos/cartas-sakura/SakuraIllusion.webp
B37,Tarot,baralhos/tarot/tarot_-g1577.png,144751,image/png,https://raw.githubusercontent.com/nevoheiro/tarot/main/tarot_%23g1577.png,https://raw.githubusercontent.com/estathidev/baralhos/main/baralhos/tarot/tarot_-g1577.png
C37,Os70,baralhos/os70/sctuJ2k.png,59869,image/png,https://i.imgur.com/sctuJ2k.png,https://raw.githubusercontent.com/estathidev/baralhos/main/baralhos/os70/sctuJ2k.png
D37,Cigano,baralhos/cigano/033.png,1074827,image/png,https://raw.githubusercontent.com/skewoof/baralho-cigano-imagens/main/imagens/cigano_cropped/033.png,https://raw.githubusercontent.com/estathidev/baralhos/main/baralhos/cigano/033.png
E37,Tommie Kelly,baralhos/tommie-kelly/33-The-Protector.jpg,188138,image/jpeg,https://mortesubita.net/wp-content/uploads/2020/08/33-The-Protector.jpg,https://raw.githubusercontent.com/estathidev/baralhos/main/baralhos/tommie-kelly/33-The-Protector.jpg
G37,Cartas Sakura,baralhos/cartas-sakura/SakuraWood.webp,18432,image/webp,https://static.wikia.nocookie.net/ccs/images/3/3b/SakuraWood.jpg/revision/latest/scale-to-width-down/150?cb=20160527125533,https://raw.githubusercontent.com/estathidev/baralhos/main/baralhos/cartas-sakura/SakuraWood.webp
B38,Tarot,baralhos/tarot/tarot_-g1593.png,168360,image/png,https://raw.githubusercontent.com/nevoheiro/tarot/main/tarot_%23g1593.png,https://raw.githubusercontent.com/estathidev/baralhos/main/baralhos/tarot/tarot_-g1593.png
C38,Os70,baralhos/os70/2I6S5R9.png,50869,image/png,https://i.imgur.com/2I6S5R9.png,https://raw.githubusercontent.com/estathidev/baralhos/main/baralhos/os70/2I6S5R9.png
D38,Cigano,baralhos/cigano/034.png,1056056,image/png,https://raw.githubusercontent.com/skewoof/baralho-cigano-imagens/main/imagens/cigano_cropped/034.png,https://raw.githubusercontent.com/estathidev/baralhos/main/baralhos/cigano/034.png
E38,Tommie Kelly,baralhos/tommie-kelly/34-The-Protester.jpg,157259,image/jpeg,https://mortesubita.net/wp-content/uploads/2020/08/34-The-Protester.jpg,https://raw.githubusercontent.com/estathidev/baralhos/main/baralhos/tommie-kelly/34-The-Protester.jpg
G38,Cartas Sakura,baralhos/cartas-sakura/SakuraThunder.webp,16182,image/webp,https://static.wikia.nocookie.net/ccs/images/c/c5/SakuraThunder.jpg/revision/latest/scale-to-width-down/150?cb=20160606173248,https://raw.githubusercontent.com/estathidev/baralhos/main/baralhos/cartas-sakura/SakuraThunder.webp
B39,Tarot,baralhos/tarot/tarot_-g1609.png,178148,image/png,https://raw.githubusercontent.com/nevoheiro/tarot/main/tarot_%23g1609.png,https://raw.githubusercontent.com/estathidev/baralhos/main/baralhos/tarot/tarot_-g1609.png
C39,Os70,baralhos/os70/S6yygRJ.png,49459,image/png,https://i.imgur.com/S6yygRJ.png,https://raw.githubusercontent.com/estathidev/baralhos/main/baralhos/os70/S6yygRJ.png
D39,Cigano,baralhos/cigano/035.png,1221464,image/png,https://raw.githubusercontent.com/skewoof/baralho-cigano-imagens/main/imagens/cigano_cropped/035.png,https://raw.githubusercontent.com/estathidev/baralhos/main/baralhos/cigano/035.png
E39,Tommie Kelly,baralhos/tommie-kelly/35-The-Road-Opener.jpg,159163,image/jpeg,https://mortesubita.net/wp-content/uploads/2020/08/35-The-Road-Opener.jpg,https://raw.githubusercontent.com/estathidev/baralhos/main/baralhos/tommie-kelly/35-The-Road-Opener.jpg
G39,Cartas Sakura,baralhos/cartas-sakura/SakuraGlow.webp,14412,image/webp,https://static.wikia.nocookie.net/ccs/images/8/88/SakuraGlow.jpg/revision/latest/scale-to-width-down/150?cb=20160527125136,https://raw.githubusercontent.com/estathidev/baralhos/main/baralhos/cartas-sakura/SakuraGlow.webp
B40,Tarot,baralhos/tarot/tarot_-g1625.png,162428,image/png,https://raw.githubusercontent.com/nevoheiro/tarot/main/tarot_%23g1625.png,https://raw.githubusercontent.com/estathidev/baralhos/main/baralhos/tarot/tarot_-g1625.png
C40,Os70,baralhos/os70/TKJ96Sh.png,40098,image/png,https://i.imgur.com/TKJ96Sh.png,https://raw.githubusercontent.com/estathidev/baralhos/main/baralhos/os70/TKJ96Sh.png
D40,Cigano,baralhos/cigano/036.png,1243187,image/png,https://raw.githubusercontent.com/skewoof/baralho-cigano-imagens/main/imagens/cigano_cropped/036.png,https://raw.githubusercontent.com/estathidev/baralhos/main/baralhos/cigano/036.png
E40,Tommie Kelly,baralhos/tommie-kelly/36-The-Saint.jpg,144616,image/jpeg,https://mortesubita.net/wp-content/uploads/2020/08/36-The-Saint.jpg,https://raw.githubusercontent.com/estathidev/baralhos/main/baralhos/tommie-kelly/36-The-Saint.jpg
G40,Cartas Sakura,baralhos/cartas-sakura/SakuraSnow.webp,14712,image/webp,https://static.wikia.nocookie.net/ccs/images/7/7a/SakuraSnow.jpg/revision/latest/scale-to-width-down/150?cb=20160527124953,https://raw.githubusercontent.com/estathidev/baralhos/main/baralhos/cartas-sakura/SakuraSnow.webp
B41,Tarot,baralhos/tarot/tarot_-g1641.png,177714,image/png,https://raw.githubusercontent.com/nevoheiro/tarot/main/tarot_%23g1641.png,https://raw.githubusercontent.com/estathidev/baralhos/main/baralhos/tarot/tarot_-g1641.png
C41,Os70,baralhos/os70/SREsXvX.png,47410,image/png,https://i.imgur.com/SREsXvX.png,https://raw.githubusercontent.com/estathidev/baralhos/main/baralhos/os70/SREsXvX.png
E41,Tommie Kelly,baralhos/tommie-kelly/37-The-Seer.jpg,73510,image/jpeg,https://mortesubita.net/wp-content/uploads/2020/08/37-The-Seer.jpg,https://raw.githubusercontent.com/estathidev/baralhos/main/baralhos/tommie-kelly/37-The-Seer.jpg
G41,Cartas Sakura,baralhos/cartas-sakura/SakuraReturn.webp,15382,image/webp,https://static.wikia.nocookie.net/ccs/images/c/c8/SakuraReturn.jpg/revision/latest/scale-to-width-down/150?cb=20160527123910,https://raw.githubusercontent.com/estathidev/baralhos/main/baralhos/cartas-sakura/SakuraReturn.webp
B42,Tarot,baralhos/tarot/tarot_-g1657.png,164803,image/png,https://raw.githubusercontent.com/nevoheiro/tarot/main/tarot_%23g1657.png,https://raw.githubusercontent.com/estathidev/baralhos/main/baralhos/tarot/tarot_-g1657.png
C42,Os70,baralhos/os70/kBas1FY.png,52833,image/png,https://i.imgur.com/kBas1FY.png,https://raw.githubusercontent.com/estathidev/baralhos/main/baralhos/os70/kBas1FY.png
E42,Tommie Kelly,baralhos/tommie-kelly/38-The-Sun.jpg,156850,image/jpeg,https://mortesubita.net/wp-content/uploads/2020/08/38-The-Sun.jpg,https://raw.githubusercontent.com/estathidev/baralhos/main/baralhos/tommie-kelly/38-The-Sun.jpg
G42,Cartas Sakura,baralhos/cartas-sakura/SakuraCloud.webp,14002,image/webp,https://static.wikia.nocookie.net/ccs/images/e/ef/SakuraCloud.jpg/revision/latest/scale-to-width-down/150?cb=20160404163644,https://raw.githubusercontent.com/estathidev/baralhos/main/baralhos/cartas-sakura/SakuraCloud.webp
B43,Tarot,baralhos/tarot/tarot_-g257.png,156909,image/png,https://raw.githubusercontent.com/nevoheiro/tarot/main/tarot_%23g257.png,https://raw.githubusercontent.com/estathidev/baralhos/main/baralhos/tarot/tarot_-g257.png
C43,Os70,baralhos/os70/M509bpG.png,49782,image/png,https://i.imgur.com/M509bpG.png,https://raw.githubusercontent.com/estathidev/baralhos/main/baralhos/os70/M509bpG.png
E43,Tommie Kelly,baralhos/tommie-kelly/39-The-Thinker.jpg,224885,image/jpeg,https://mortesubita.net/wp-content/uploads/2020/08/39-The-Thinker.jpg,https://raw.githubusercontent.com/estathidev/baralhos/main/baralhos/tommie-kelly/39-The-Thinker.jpg
G43,Cartas Sakura,baralhos/cartas-sakura/SakuraShot.webp,13970,image/webp,https://static.wikia.nocookie.net/ccs/images/8/84/SakuraShot.jpg/revision/latest/scale-to-width-down/150?cb=20160527125359,https://raw.githubusercontent.com/estathidev/baralhos/main/baralhos/cartas-sakura/SakuraShot.webp
B44,Tarot,baralhos/tarot/tarot_-g273.png,151350,image/png,https://raw.githubusercontent.com/nevoheiro/tarot/main/tarot_%23g273.png,https://raw.githubusercontent.com/estathidev/baralhos/main/baralhos/tarot/tarot_-g273.png
C44,Os70,baralhos/os70/AP0zYOh.png,43690,image/png,https://i.imgur.com/AP0zYOh.png,https://raw.githubusercontent.com/estathidev/baralhos/main/baralhos/os70/AP0zYOh.png
E44,Tommie Kelly,baralhos/tommie-kelly/40-The-Witch.jpg,281515,image/jpeg,https://mortesubita.net/wp-content/uploads/2020/08/40-The-Witch.jpg,https://raw.githubusercontent.com/estathidev/baralhos/main/baralhos/tommie-kelly/40-The-Witch.jpg
G44,Cartas Sakura,baralhos/cartas-sakura/SakuraSilent.webp,15864,image/webp,https://static.wikia.nocookie.net/ccs/images/c/c6/SakuraSilent.jpg/revision/latest/scale-to-width-down/150?cb=20180819110520,https://raw.githubusercontent.com/estathidev/baralhos/main/baralhos/cartas-sakura/SakuraSilent.webp
B45,Tarot,baralhos/tarot/tarot_-g289.png,164524,image/png,https://raw.githubusercontent.com/nevoheiro/tarot/main/tarot_%23g289.png,https://raw.githubusercontent.com/estathidev/baralhos/main/baralhos/tarot/tarot_-g289.png
C45,Os70,baralhos/os70/u58RzqA.png,43673,image/png,https://i.imgur.com/u58RzqA.png,https://raw.githubusercontent.com/estathidev/baralhos/main/baralhos/os70/u58RzqA.png
G45,Cartas Sakura,baralhos/cartas-sakura/SakuraMirror.webp,17352,image/webp,https://static.wikia.nocookie.net/ccs/images/6/69/SakuraMirror.jpg/revision/latest/scale-to-width-down/150?cb=20180916212950,https://raw.githubusercontent.com/estathidev/baralhos/main/baralhos/cartas-sakura/SakuraMirror.webp
B46,Tarot,baralhos/tarot/tarot_-g305.png,185005,image/png,https://raw.githubusercontent.com/nevoheiro/tarot/main/tarot_%23g305.png,https://raw.githubusercontent.com/estathidev/baralhos/main/baralhos/tarot/tarot_-g305.png
C46,Os70,baralhos/os70/twbg2TJ.png,51149,image/png,https://i.imgur.com/twbg2TJ.png,https://raw.githubusercontent.com/estathidev/baralhos/main/baralhos/os70/twbg2TJ.png
G46,Cartas Sakura,baralhos/cartas-sakura/SakuraArrow.webp,13620,image/webp,https://static.wikia.nocookie.net/ccs/images/a/a9/SakuraArrow.jpg/revision/latest/scale-to-width-down/150?cb=20160527122905,https://raw.githubusercontent.com/estathidev/baralhos/main/baralhos/cartas-sakura/SakuraArrow.webp
B47,Tarot,baralhos/tarot/tarot_-g321.png,170195,image/png,https://raw.githubusercontent.com/nevoheiro/tarot/main/tarot_%23g321.png,https://raw.githubusercontent.com/estathidev/baralhos/main/baralhos/tarot/tarot_-g321.png
C47,Os70,baralhos/os70/veLNYZl.png,40387,image/png,https://i.imgur.com/veLNYZl.png,https://raw.githubusercontent.com/estathidev/baralhos/main/baralhos/os70/veLNYZl.png
G47,Cartas Sakura,baralhos/cartas-sakura/SakuraCreate.webp,12452,image/webp,https://static.wikia.nocookie.net/ccs/images/7/75/SakuraCreate.jpg/revision/latest/scale-to-width-down/150?cb=20160527125906,https://raw.githubusercontent.com/estathidev/baralhos/main/baralhos/cartas-sakura/SakuraCreate.webp
B48,Tarot,baralhos/tarot/tarot_-g337.png,172104,image/png,https://raw.githubusercontent.com/nevoheiro/tarot/main/tarot_%23g337.png,https://raw.githubusercontent.com/estathidev/baralhos/main/baralhos/tarot/tarot_-g337.png
C48,Os70,baralhos/os70/WH1VUHQ.png,44122,image/png,https://i.imgur.com/WH1VUHQ.png,https://raw.githubusercontent.com/estathidev/baralhos/main/baralhos/os70/WH1VUHQ.png
G48,Cartas Sakura,baralhos/cartas-sakura/SakuraEarthy.webp,17448,image/webp,https://static.wikia.nocookie.net/ccs/images/9/94/SakuraEarthy.jpg/revision/latest/scale-to-width-down/150?cb=20160527123729,https://raw.githubusercontent.com/estathidev/baralhos/main/baralhos/cartas-sakura/SakuraEarthy.webp
B49,Tarot,baralhos/tarot/tarot_-g3989.png,181884,image/png,https://raw.githubusercontent.com/nevoheiro/tarot/main/tarot_%23g3989.png,https://raw.githubusercontent.com/estathidev/baralhos/main/baralhos/tarot/tarot_-g3989.png
C49,Os70,baralhos/os70/k7rep8J.png,52407,image/png,https://i.imgur.com/k7rep8J.png,https://raw.githubusercontent.com/estathidev/baralhos/main/baralhos/os70/k7rep8J.png
G49,Cartas Sakura,baralhos/cartas-sakura/SakuraMove.webp,13678,image/webp,https://static.wikia.nocookie.net/ccs/images/e/e3/SakuraMove.jpg/revision/latest/scale-to-width-down/150?cb=20160527125838,https://raw.githubusercontent.com/estathidev/baralhos/main/baralhos/cartas-sakura/SakuraMove.webp
B50,Tarot,baralhos/tarot/tarot_-g4000.png,172630,image/png,https://raw.githubusercontent.com/nevoheiro/tarot/main/tarot_%23g4000.png,https://raw.githubusercontent.com/estathidev/baralhos/main/baralhos/tarot/tarot_-g4000.png
C50,Os70,baralhos/os70/ddzF0oM.png,48216,image/png,https://i.imgur.com/ddzF0oM.png,https://raw.githubusercontent.com/estathidev/baralhos/main/baralhos/os70/ddzF0oM.png
G50,Cartas Sakura,baralhos/cartas-sakura/SakuraThrough.webp,14854,image/webp,https://static.wikia.nocookie.net/ccs/images/5/5a/SakuraThrough.jpg/revision/latest/scale-to-width-down/150?cb=20160527123948,https://raw.githubusercontent.com/estathidev/baralhos/main/baralhos/cartas-sakura/SakuraThrough.webp
B51,Tarot,baralhos/tarot/tarot_-g411.png,171923,image/png,https://raw.githubusercontent.com/nevoheiro/tarot/main/tarot_%23g411.png,https://raw.githubusercontent.com/estathidev/baralhos/main/baralhos/tarot/tarot_-g411.png
C51,Os70,baralhos/os70/WzExeVj.png,42553,image/png,https://i.imgur.com/WzExeVj.png,https://raw.githubusercontent.com/estathidev/baralhos/main/baralhos/os70/WzExeVj.png
G51,Cartas Sakura,baralhos/cartas-sakura/SakuraTwin.webp,15664,image/webp,https://static.wikia.nocookie.net/ccs/images/e/e9/SakuraTwin.jpg/revision/latest/scale-to-width-down/150?cb=20160527125219,https://raw.githubusercontent.com/estathidev/baralhos/main/baralhos/cartas-sakura/SakuraTwin.webp
B52,Tarot,baralhos/tarot/tarot_-g427.png,125584,image/png,https://raw.githubusercontent.com/nevoheiro/tarot/main/tarot_%23g427.png,https://raw.githubusercontent.com/estathidev/baralhos/main/baralhos/tarot/tarot_-g427.png
C52,Os70,baralhos/os70/iLxYZLc.png,51644,image/png,https://i.imgur.com/iLxYZLc.png,https://raw.githubusercontent.com/estathidev/baralhos/main/baralhos/os70/iLxYZLc.png
G52,Cartas Sakura,baralhos/cartas-sakura/SakuraLight.webp,17684,image/webp,https://static.wikia.nocookie.net/ccs/images/a/ad/SakuraLight.jpg/revision/latest/scale-to-width-down/150?cb=20160606171359,https://raw.githubusercontent.com/estathidev/baralhos/main/baralhos/cartas-sakura/SakuraLight.webp
B53,Tarot,baralhos/tarot/tarot_-g443.png,134030,image/png,https://raw.githubusercontent.com/nevoheiro/tarot/main/tarot_%23g443.png,https://raw.githubusercontent.com/estathidev/baralhos/main/baralhos/tarot/tarot_-g443.png
C53,Os70,baralhos/os70/FOsPlM5.png,48343,image/png,https://i.imgur.com/FOsPlM5.png,https://raw.githubusercontent.com/estathidev/baralhos/main/baralhos/os70/FOsPlM5.png
G53,Cartas Sakura,baralhos/cartas-sakura/SakuraDark.webp,16448,image/webp,https://static.wikia.nocookie.net/ccs/images/a/aa/SakuraDark.jpg/revision/latest/scale-to-width-down/150?cb=20160527123702,https://raw.githubusercontent.com/estathidev/baralhos/main/baralhos/cartas-sakura/SakuraDark.webp
B54,Tarot,baralhos/tarot/tarot_-g459.png,163498,image/png,https://raw.githubusercontent.com/nevoheiro/tarot/main/tarot_%23g459.png,https://raw.githubusercontent.com/estathidev/baralhos/main/baralhos/tarot/tarot_-g459.png
C54,Os70,baralhos/os70/G4aEgRD.png,52458,image/png,https://i.imgur.com/G4aEgRD.png,https://raw.githubusercontent.com/estathidev/baralhos/main/baralhos/os70/G4aEgRD.png
G54,Cartas Sakura,baralhos/cartas-sakura/SakuraNameless.webp,15686,image/webp,https://static.wikia.nocookie.net/ccs/images/3/3d/SakuraNameless.jpg/revision/latest/scale-to-width-down/150?cb=20200502164600,https://raw.githubusercontent.com/estathidev/baralhos/main/baralhos/cartas-sakura/SakuraNameless.webp
B55,Tarot,baralhos/tarot/tarot_-g475.png,173646,image/png,https://raw.githubusercontent.com/nevoheiro/tarot/main/tarot_%23g475.png,https://raw.githubusercontent.com/estathidev/baralhos/main/baralhos/tarot/tarot_-g475.png
C55,Os70,baralhos/os70/C1KZjqt.png,49527,image/png,https://i.imgur.com/C1KZjqt.png,https://raw.githubusercontent.com/estathidev/baralhos/main/baralhos/os70/C1KZjqt.png
G55,Cartas Sakura,baralhos/cartas-sakura/SakuraHope.webp,20202,image/webp,https://static.wikia.nocookie.net/ccs/images/c/cb/SakuraHope.jpg/revision/latest/scale-to-width-down/150?cb=20140507185920,https://raw.githubusercontent.com/estathidev/baralhos/main/baralhos/cartas-sakura/SakuraHope.webp
B56,Tarot,baralhos/tarot/tarot_-g491.png,128433,image/png,https://raw.githubusercontent.com/nevoheiro/tarot/main/tarot_%23g491.png,https://raw.githubusercontent.com/estathidev/baralhos/main/baralhos/tarot/tarot_-g491.png
C56,Os70,baralhos/os70/HEFbgZb.png,44852,image/png,https://i.imgur.com/HEFbgZb.png,https://raw.githubusercontent.com/estathidev/baralhos/main/baralhos/os70/HEFbgZb.png
G56,Cartas Sakura,baralhos/cartas-sakura/SakuraNothing.webp,21664,image/webp,https://static.wikia.nocookie.net/ccs/images/a/af/SakuraNothing.jpg/revision/latest/scale-to-width-down/150?cb=20170519140918,https://raw.githubusercontent.com/estathidev/baralhos/main/baralhos/cartas-sakura/SakuraNothing.webp
B57,Tarot,baralhos/tarot/tarot_-g507.png,174064,image/png,https://raw.githubusercontent.com/nevoheiro/tarot/main/tarot_%23g507.png,https://raw.githubusercontent.com/estathidev/baralhos/main/baralhos/tarot/tarot_-g507.png
C57,Os70,baralhos/os70/WUYKEvR.png,57417,image/png,https://i.imgur.com/WUYKEvR.png,https://raw.githubusercontent.com/estathidev/baralhos/main/baralhos/os70/WUYKEvR.png
B58,Tarot,baralhos/tarot/tarot_-g523.png,178789,image/png,https://raw.githubusercontent.com/nevoheiro/tarot/main/tarot_%23g523.png,https://raw.githubusercontent.com/estathidev/baralhos/main/baralhos/tarot/tarot_-g523.png
C58,Os70,baralhos/os70/NfenPei.png,54464,image/png,https://i.imgur.com/NfenPei.png,https://raw.githubusercontent.com/estathidev/baralhos/main/baralhos/os70/NfenPei.png
B59,Tarot,baralhos/tarot/tarot_-g555.png,158281,image/png,https://raw.githubusercontent.com/nevoheiro/tarot/main/tarot_%23g555.png,https://raw.githubusercontent.com/estathidev/baralhos/main/baralhos/tarot/tarot_-g555.png
C59,Os70,baralhos/os70/qFH2Ded.png,55354,image/png,https://i.imgur.com/qFH2Ded.png,https://raw.githubusercontent.com/estathidev/baralhos/main/baralhos/os70/qFH2Ded.png
B60,Tarot,baralhos/tarot/tarot_-g571.png,144812,image/png,https://raw.githubusercontent.com/nevoheiro/tarot/main/tarot_%23g571.png,https://raw.githubusercontent.com/estathidev/baralhos/main/baralhos/tarot/tarot_-g571.png
C60,Os70,baralhos/os70/4q7Jn2j.png,40273,image/png,https://i.imgur.com/4q7Jn2j.png,https://raw.githubusercontent.com/estathidev/baralhos/main/baralhos/os70/4q7Jn2j.png
B61,Tarot,baralhos/tarot/tarot_-g587.png,146990,image/png,https://raw.githubusercontent.com/nevoheiro/tarot/main/tarot_%23g587.png,https://raw.githubusercontent.com/estathidev/baralhos/main/baralhos/tarot/tarot_-g587.png
C61,Os70,baralhos/os70/ynz7tEQ.png,42905,image/png,https://i.imgur.com/ynz7tEQ.png,https://raw.githubusercontent.com/estathidev/baralhos/main/baralhos/os70/ynz7tEQ.png
B62,Tarot,baralhos/tarot/tarot_-g603.png,163161,image/png,https://raw.githubusercontent.com/nevoheiro/tarot/main/tarot_%23g603.png,https://raw.githubusercontent.com/estathidev/baralhos/main/baralhos/tarot/tarot_-g603.png
C62,Os70,baralhos/os70/mDJaPyp.png,49462,image/png,https://i.imgur.com/mDJaPyp.png,https://raw.githubusercontent.com/estathidev/baralhos/main/baralhos/os70/mDJaPyp.png
B63,Tarot,baralhos/tarot/tarot_-g619.png,179463,image/png,https://raw.githubusercontent.com/nevoheiro/tarot/main/tarot_%23g619.png,https://raw.githubusercontent.com/estathidev/baralhos/main/baralhos/tarot/tarot_-g619.png
C63,Os70,baralhos/os70/wFGnHAU.png,50735,image/png,https://i.imgur.com/wFGnHAU.png,https://raw.githubusercontent.com/estathidev/baralhos/main/baralhos/os70/wFGnHAU.png
B64,Tarot,baralhos/tarot/tarot_-g635.png,182080,image/png,https://raw.githubusercontent.com/nevoheiro/tarot/main/tarot_%23g635.png,https://raw.githubusercontent.com/estathidev/baralhos/main/baralhos/tarot/tarot_-g635.png
C64,Os70,baralhos/os70/rOd1vxw.png,49063,image/png,https://i.imgur.com/rOd1vxw.png,https://raw.githubusercontent.com/estathidev/baralhos/main/baralhos/os70/rOd1vxw.png
B65,Tarot,baralhos/tarot/tarot_-g651.png,173140,image/png,https://raw.githubusercontent.com/nevoheiro/tarot/main/tarot_%23g651.png,https://raw.githubusercontent.com/estathidev/baralhos/main/baralhos/tarot/tarot_-g651.png
C65,Os70,baralhos/os70/zeGKoru.png,53126,image/png,https://i.imgur.com/zeGKoru.png,https://raw.githubusercontent.com/estathidev/baralhos/main/baralhos/os70/zeGKoru.png
B66,Tarot,baralhos/tarot/tarot_-g667.png,135926,image/png,https://raw.githubusercontent.com/nevoheiro/tarot/main/tarot_%23g667.png,https://raw.githubusercontent.com/estathidev/baralhos/main/baralhos/tarot/tarot_-g667.png
C66,Os70,baralhos/os70/gSLbsoL.png,44871,image/png,https://i.imgur.com/gSLbsoL.png,https://raw.githubusercontent.com/estathidev/baralhos/main/baralhos/os70/gSLbsoL.png
B67,Tarot,baralhos/tarot/tarot_-g683.png,147637,image/png,https://raw.githubusercontent.com/nevoheiro/tarot/main/tarot_%23g683.png,https://raw.githubusercontent.com/estathidev/baralhos/main/baralhos/tarot/tarot_-g683.png
C67,Os70,baralhos/os70/O4fGaX4.png,43764,image/png,https://i.imgur.com/O4fGaX4.png,https://raw.githubusercontent.com/estathidev/baralhos/main/baralhos/os70/O4fGaX4.png
B68,Tarot,baralhos/tarot/tarot_-g715.png,160804,image/png,https://raw.githubusercontent.com/nevoheiro/tarot/main/tarot_%23g715.png,https://raw.githubusercontent.com/estathidev/baralhos/main/baralhos/tarot/tarot_-g715.png
C68,Os70,baralhos/os70/t6an6rY.png,44079,image/png,https://i.imgur.com/t6an6rY.png,https://raw.githubusercontent.com/estathidev/baralhos/main/baralhos/os70/t6an6rY.png
B69,Tarot,baralhos/tarot/tarot_-g731.png,173618,image/png,https://raw.githubusercontent.com/nevoheiro/tarot/main/tarot_%23g731.png,https://raw.githubusercontent.com/estathidev/baralhos/main/baralhos/tarot/tarot_-g731.png
C69,Os70,baralhos/os70/YBTOA2r.png,46201,image/png,https://i.imgur.com/YBTOA2r.png,https://raw.githubusercontent.com/estathidev/baralhos/main/baralhos/os70/YBTOA2r.png
B70,Tarot,baralhos/tarot/tarot_-g747.png,172265,image/png,https://raw.githubusercontent.com/nevoheiro/tarot/main/tarot_%23g747.png,https://raw.githubusercontent.com/estathidev/baralhos/main/baralhos/tarot/tarot_-g747.png
C70,Os70,baralhos/os70/lgsflTU.png,42147,image/png,https://i.imgur.com/lgsflTU.png,https://raw.githubusercontent.com/estathidev/baralhos/main/baralhos/os70/lgsflTU.png
B71,Tarot,baralhos/tarot/tarot_-g763.png,168662,image/png,https://raw.githubusercontent.com/nevoheiro/tarot/main/tarot_%23g763.png,https://raw.githubusercontent.com/estathidev/baralhos/main/baralhos/tarot/tarot_-g763.png
C71,Os70,baralhos/os70/sGXWHiz.png,48883,image/png,https://i.imgur.com/sGXWHiz.png,https://raw.githubusercontent.com/estathidev/baralhos/main/baralhos/os70/sGXWHiz.png
B72,Tarot,baralhos/tarot/tarot_-g779.png,165554,image/png,https://raw.githubusercontent.com/nevoheiro/tarot/main/tarot_%23g779.png,https://raw.githubusercontent.com/estathidev/baralhos/main/baralhos/tarot/tarot_-g779.png
C72,Os70,baralhos/os70/kS9EUWx.png,51651,image/png,https://i.imgur.com/kS9EUWx.png,https://raw.githubusercontent.com/estathidev/baralhos/main/baralhos/os70/kS9EUWx.png
B73,Tarot,baralhos/tarot/tarot_-g795.png,169543,image/png,https://raw.githubusercontent.com/nevoheiro/tarot/main/tarot_%23g795.png,https://raw.githubusercontent.com/estathidev/baralhos/main/baralhos/tarot/tarot_-g795.png
C73,Os70,baralhos/os70/e9gt6pL.png,51420,image/png,https://i.imgur.com/e9gt6pL.png,https://raw.githubusercontent.com/estathidev/baralhos/main/baralhos/os70/e9gt6pL.png
B74,Tarot,baralhos/tarot/tarot_-g811.png,175074,image/png,https://raw.githubusercontent.com/nevoheiro/tarot/main/tarot_%23g811.png,https://raw.githubusercontent.com/estathidev/baralhos/main/baralhos/tarot/tarot_-g811.png
C74,Os70,baralhos/os70/1QTRU7K.png,51793,image/png,https://i.imgur.com/1QTRU7K.png,https://raw.githubusercontent.com/estathidev/baralhos/main/baralhos/os70/1QTRU7K.png
B75,Tarot,baralhos/tarot/tarot_-g827.png,173810,image/png,https://raw.githubusercontent.com/nevoheiro/tarot/main/tarot_%23g827.png,https://raw.githubusercontent.com/estathidev/baralhos/main/baralhos/tarot/tarot_-g827.png
B76,Tarot,baralhos/tarot/tarot_-g843.png,168088,image/png,https://raw.githubusercontent.com/nevoheiro/tarot/main/tarot_%23g843.png,https://raw.githubusercontent.com/estathidev/baralhos/main/baralhos/tarot/tarot_-g843.png
B77,Tarot,baralhos/tarot/tarot_-g875.png,168756,image/png,https://raw.githubusercontent.com/nevoheiro/tarot/main/tarot_%23g875.png,https://raw.githubusercontent.com/estathidev/baralhos/main/baralhos/tarot/tarot_-g875.png
B78,Tarot,baralhos/tarot/tarot_-g891.png,175104,image/png,https://raw.githubusercontent.com/nevoheiro/tarot/main/tarot_%23g891.png,https://raw.githubusercontent.com/estathidev/baralhos/main/baralhos/tarot/tarot_-g891.png
B79,Tarot,baralhos/tarot/tarot_-g937.png,149014,image/png,https://raw.githubusercontent.com/nevoheiro/tarot/main/tarot_%23g937.png,https://raw.githubusercontent.com/estathidev/baralhos/main/baralhos/tarot/tarot_-g937.png
B80,Tarot,baralhos/tarot/tarot_-g953.png,193860,image/png,https://raw.githubusercontent.com/nevoheiro/tarot/main/tarot_%23g953.png,https://raw.githubusercontent.com/estathidev/baralhos/main/baralhos/tarot/tarot_-g953.png
B81,Tarot,baralhos/tarot/tarot_-g969.png,128012,image/png,https://raw.githubusercontent.com/nevoheiro/tarot/main/tarot_%23g969.png,https://raw.githubusercontent.com/estathidev/baralhos/main/baralhos/tarot/tarot_-g969.png
B82,Tarot,baralhos/tarot/tarot_-g985.png,197141,image/png,https://raw.githubusercontent.com/nevoheiro/tarot/main/tarot_%23g985.png,https://raw.githubusercontent.com/estathidev/baralhos/main/baralhos/tarot/tarot_-g985.png
